URL,Description
https://www.ebay.com/itm/256711501075,eBayHM0811-100 Nike Air Max DN PRM Electric White Metallic Silver (Men's) | eBay
https://www.goat.com/en-de/sneakers/air-max-dn-se-premium-electric-pack-alternate-hm0811-100,GOATBuy Air Max DN SE Premium 'Electric Pack Alternate' - HM0811 100 | GOAT DE
https://poshmark.com/listing/Air-Penny-IV-BlackBlue-5ec346f5ae766fb22557f2d5,PoshmarkNike | Shoes | Air Penny Iv Blackblue | PoshmarkUsed
https://www.ebay.com/shop/air-max-safari?_nkw=air+max+safari,eBayAir Max Safari | eBay
https://www.cafr.ebay.ca/sch/i.html?_nkw=nike+airmax+dn+9.5&_sop=12,eBayNike Airmax Dn 9.5 en vente | eBay
https://www.ebay.com.hk/itm/405672955235,eBayNike Air Max DN SE PRM Metallic Silver White HM0811-100 Sz 12 NEW No Lid | eBay
https://www.ebay.com/p/6072702534,eBaySize 9 - Nike Air Max DN SE Premium Electric Pack Alternate for sale online | eBay
https://sneakerfits.com/sneaker-release-dates-november-2024/,SneakerFits.comSneaker Release Dates November 2024
https://sneakernews.com/2024/10/30/nike-air-max-dn-premium-safari-hm0811-100/,"Sneaker NewsNike Air Max Dn Premium ""Safari"" HM0811-100 | SneakerNews.com"
https://www.soleretriever.com/sneaker-release-dates/nike/air-max-dn/nike-air-max-dn-black-rage-green-dv3337-010,Sole RetrieverNike Air Max DN Black Rage Green - DV3337-010 Raffles & Where to Buy
https://daadyshop.in/product/nike-air-max-dn-electric-pack-sneakers-for-men/,daadyshop.inNike Air Max DN â€œElectric Packâ€ Sneakers for Men
https://www.amazon.co.jp/%E3%83%8A%E3%82%A4%E3%82%AD-DN8-AIR-MAX-FQ7860-100/dp/B0F5Y3R7SM,Amazon.jpAmazon | [ãƒŠã‚¤ã‚­] ã‚¨ã‚¢ ãƒãƒƒã‚¯ã‚¹ DN8 AIR MAX DN8 ãƒ›ãƒ¯ã‚¤ãƒˆ/ãƒ›ãƒ¯ã‚¤ãƒˆ/ãƒ›ãƒ¯ã‚¤ãƒˆ/ãƒ–ãƒ©ãƒƒã‚¯ FQ7860-100 24.0cm | ã‚¹ãƒ‹ãƒ¼ã‚«ãƒ¼
https://www.thehalfdone.com/shopdetail/9792143/,thehalfdone.comNike Air Max DN PRM Electric Pack White Metallic Silver HM0811-100 Mens 12 NWOB
https://www.ebay.com/itm/405672955235,eBayNike Air Max DN SE PRM Metallic Silver White HM0811-100 Sz 12 NEW No Lid | eBay5.0(5)Â·In stock
https://www.ebay.com/itm/187122436436,eBayMen's 12.5 Nike Air Max DN SE PRM Olympics HM0811-100 | eBay5.0(5)Â·Used
https://www.ebay.com/itm/356598385144,eBayNIKE Air Max Dn Premium Electric HM0811-100 White Metallic Silver White White | eBay5.0(5)Â·Out of stock
https://www.ebay.com/itm/396404187350,eBayNike Air Max DN SE PRM Olympic Electric Safari White HM0811-100 sz 10 Men's | eBayUsed
https://www.footlocker.cz/en/category/collection/nike/dn.html,Foot Locker Czech RepublicNike Air Max Dn | Foot Locker Czech Republic
https://odegardcarpets.com/fafchrshop/nike/nike-air-max-dn-safari-hm0811-100,Odegard Carpets |Another Chaqueta universitaria azul marino de pana de Nike SB Appears with Safari Prints | OdegardcarpetsShopsÂ°
https://www.instagram.com/footcandyugofficial/p/DI52Ngto6ip/?hl=af,"InstagramUNISEX CASUAL SNEAKERS & TRAINERS â­• Size Range; 38 39 40 41 42 43 44 45 EU [ Sizes listed are only available while this stock lasts ] â­• CallğŸ“OR WhatsAppğŸ“©:+256786335395, +256701054198."
https://poshmark.com/listing/CV1750400-Mens-Nike-LEBRON-8-HARDWOOD-CLASSIC-2021-6705d3a92fd49ac97942b231,PoshmarkNike | Shoes | Cv75400 Mens Nike Lebron 8 Hardwood Classic 2021 | Poshmark4.9(12)Â·In stock
https://www.stpatschool.com/?j=311445110491&mod=559cb990&uri=search.php%3Fid%3D1021090-4%26name%3Dhoodie,stpatschool.comHoodie Stone Island Felpa Light Grey Hoodie
https://jp.mercari.com/item/m73797154309,MercariNIKE AIR MAX DN PRM ãƒŠã‚¤ã‚­ ã‚¨ã‚¢ãƒãƒƒã‚¯ã‚¹DN 26.5ã‚»ãƒ³ãƒ - ãƒ¡ãƒ«ã‚«ãƒª
https://qzbzmy.en.made-in-china.com/product/GEqYoveCfSUN/China-Dropshipping-Nk-Branded-Max-DN-Sneaker-Yupoo-AAA-Sport-Running-Shoes.html,Made-in-China.comDropshipping Nk Branded Max DN Sneaker Yupoo AAA Sport Running Shoes - Sneaker Shoes and Original Sneaker price | Made-in-China.com
https://poshmark.com/listing/Nike-Hyperdunk-2015-Mens-Sneakers-Green-Size-85-6812e0660015429408ad13e1,PoshmarkNike | Shoes | Nike Hyperdunk 25 Mens Sneakers Green Size 85 | Poshmark4.4(10)Â·Used
https://poshmark.com/listing/PANAM-Hand-Crafted-Casual-Men-Shoes-Grey-Black-Size-27-681e7813f4d179487330211d,PoshmarkPANAM | Shoes | Panam Hand Crafted Casual Men Shoes Grey Black Size 27 | Poshmark
https://snkrdunk.com/en/sneakers/HM0811-100,"SNKRDUNKNike Air Max DN PRM Electric ""White/Metallic Silver"" HM0811-100 | SNKRDUNK5.0(5)Â·In stock"
https://poshmark.com/listing/Mens-Nike-Air-Max-CDG-Size-105-With-Box-679791ad280cc6c6ae366c17,PoshmarkNike | Shoes | Mens Nike Air Max Cdg Size 5 With Box | Poshmark
https://poshmark.com/listing/NIKE-Zoom-Born-Ready-Basketball-Shoes-Mens-Size-13-Sneakers-2013-High-Tops-681ea7eab591edc52217cc1d,PoshmarkNike | Shoes | Nike Zoom Born Ready Basketball Shoes Mens Size 3 Sneakers 213 High Tops | PoshmarkUsed
https://www.instagram.com/p/DG_LhmMpL9K/?locale=zh_tw&hl=ar,"InstagramMEGASTORETIENDA | ACCESORIOS DE LUJOâšœï¸ NUEVAS Y EXCLUSIVAS COLECCIÃ“NES YA DISPONIBLES EN @megastoretienda_ â€¼ï¸â€¼ï¸ PIDE HOY, RECIBE HOY ENVÃOS A TODO EL PAÃS... | Instagram"
https://undefeated.jp/products/nike-air-max-dn-se-1,Undefeated JapanNIKE AIR MAX DN SE â€“ UNDEFEATED JAPAN5.0(5)
https://www.jayanewslive.com/30771537,www.jayanewslive.comNike Air Max DN PRM Electric Pack White Metallic Silver HM0811-100 Mens 12 NWOB Athletic
https://www.footlocker.ie/product/~/314217210104.html,Foot Locker IrelandNike Air Max Dn | Foot Locker Ireland
https://www.instagram.com/p/DHE-hmQpK4m/,InstagramPaul Sandoval Contreras | NIKE AIR MAX DNğŸ‡ºğŸ‡¸ğŸ”¥ Talla âŒ42eur/26.5cmâŒvendida âœ“OFERTA 159.990âœ“ | Instagram
https://www.nike.com/us/es/t/tenis-air-max-dn-xD4x0g/FJ3145-100,NikeTenis para mujer Nike Air Max Dn. Nike.com4.5(244)Â·In stock
https://www.youtube.com/watch?v=S5ZEF8qMO4M,YouTubeNike Air Zoom Alphafly Next% Review+Test DJ5456-100 #alphafly2 #alphafly #running #runningshoes #run - YouTube
https://www.instagram.com/p/DGQsJBQtizw/,"InstagramğŒ”ğ‹…ğŒ€ğŒƒêŠá”ğŒ” | Air Max DN Premium ""Safari"" HM0811-100 Sizes 36 to 46. Delivery all over Lebanon. Lead Never Follow. We can get you any item from head to... | Instagram"
https://www.instagram.com/p/DKcsuiEi5HJ/,InstagramShoptime__tm2 | Versace | Instagram
https://www.instagram.com/p/DK_I5MiOywC/,"InstagramInstagram photo by Club Sneakers â€¢ Jun 16, 2025 at 8:18 PM"
https://www.instagram.com/goat.sneakers.tn/,InstagramGOAT.SNEAKERS.TN (@goat.sneakers.tn) â€¢ Instagram photos and videos
https://thesource.com/48643653.html,thesource.comæ—©ã„è€…å‹ã¡!!! NIKE â—‡ ãƒŠã‚¤ã‚­ ã‚¨ã‚¢ ãƒãƒƒã‚¯ã‚¹ Dn ãƒ—ãƒ¬ãƒŸã‚¢ãƒ  ã‚¹ãƒ‹ãƒ¼ã‚«ãƒ¼
https://www.instagram.com/p/DKg-CPmx8zn/,"InstagramGioStoreCcsğŸ‡»ğŸ‡ª | 2025 On Fire ğŸ”¥ğŸ¥µ De la 40 a la 45 Costo: 60$ 1.1 ğŸ”¥ Ubicados en Caracas, Realizamos pickup en el CCCT y contamos con delivery gratis en... | Instagram"
https://x.com/SneakerNews/status/1851731070422507734,"x.comSneaker News on X: ""The Nike Air Max Dn revisits Olympic ""Safari"" in all-white ğŸ† Releasing November 11th ($170) Read more: https://t.co/oWT5iwwnrB https://t.co/2TGV6cNASn"" / X"
https://www.facebook.com/groups/1528026867394000/posts/2484282668435077/,FacebookØªØ§Ù…Ø´ÙŠØ· Ù„Ù„Ø§Ø­Ø°ÙŠØ© Ø¨Ø§Ù„Ø¬Ù…Ù„Ø© Ø¨Ø§ØªÙ†Ø© | Facebook
https://www.amazon.com/Nike-Shoes-DV3337-009-Light-Pewter/dp/B0DPRDX232,"Amazon.comAmazon.com: Nike Air Max Dn Shoes (DV3337-009, Light Iron Ore/Light Bone/Flat Pewter/Black) Size 7.5 : Clothing, Shoes & Jewelry4.7(384)Â·In stock"
https://www.instagram.com/p/DK7fprCISxp/,InstagramMaxim VazduÅ¡iÄ‡ | Sve info u DM. | Instagram
https://www.instagram.com/p/DK_I5U4uH-N/,"InstagramInstagram photo by Club Sneakers â€¢ Jun 16, 2025 at 8:18 PM"
https://www.footlocker.com/product/~/D3337103.html,Foot LockerNike Air Max DN | Foot Locker
https://x.com/atmos_tokyo/status/1855837862115033136,"x.comatmos on X: ""ï¼¼ NOW ON SALE !! ï¼ ğ—¡ğ—œğ—ğ—˜ ğ—”ğ—œğ—¥ ğ— ğ—”ğ—« ğ——ğ—¡ ğ—¦ğ—˜ ğ—£ğ—¥ğ—  hm0811-100 Â¥ 22,550-(tax included) â–½ å•†å“è©³ç´°ã¯ã“ã¡ã‚‰ ğŸ”— https://t.co/5TyOwsWvxC #nike #airmax #airmaxdn https://t.co/7gXTQSTPuv"" / X"
https://www.facebook.com/100066879276812/albums/421628900076416/,FacebookStirling Sports Rotorua | Rotorua
https://twitter.com/snkr_twitr/status/1906421761069187549,"XSNKR_TWITR on X: ""AD: Few sizes: $115.16 at checkout Nike Air Max Dn Premium Electric 'White/Metallic Silver' Shop -> https://t.co/7v1LHuq4Is https://t.co/eu0d8UkbCh"" / X"
https://www.instagram.com/p/DGQsJBQtizw/?locale=ko&hl=am-et,"InstagramğŒ”ğ‹…ğŒ€ğŒƒêŠá”ğŒ” | Air Max DN Premium ""Safari"" HM0811-100 Sizes 36 to 46. Delivery all over Lebanon. Lead Never Follow. We can get you any item from head to... | Instagram"
https://paypayfleamarket.yahoo.co.jp/item/z434209768,"Yahoo! JAPANNike Air Max DN PRM Electric ""White/Metallic Silver"" (27cm)ï½œYahoo!ãƒ•ãƒªãƒï¼ˆæ—§PayPayãƒ•ãƒªãƒï¼‰5.0(5)Â·Used"
https://www.instagram.com/p/DCLvA9lynr9/?locale=es_us,"Instagramatmos hiroshima | . ã€11/11ï¼ˆMonï¼‰RELEASEã€‘ NIKE AIR MAX DN SE PRM hm0811-100 SIZE:26-29cm Â¥22,550-(tax included) #atmostokyo #nike #dn | Instagram"
https://www.instagram.com/rankeado_store10/,InstagramRANKEADO STORE (@rankeado_store10) â€¢ Instagram photos and videos
https://www.footlocker.co.uk/product/nike-air-max-dn-menshoes/314217210104.html,Foot Locker UKNike Air Max Dn | Foot Locker UK
https://jp.mercari.com/item/m75962077665,MercariNIKE AIR MAX DN SE PRM 27.5cm - ãƒ¡ãƒ«ã‚«ãƒª
https://stockx.com/en-gb/nike-air-max-dn-se-premium-safari,StockXNike Air Max Dn SE Premium Safari Men's - HM0811-900 - GB
